{"loss": [10.050745010375977, 3.0479748249053955, 1.5776865482330322, 0.8331077694892883, 0.41006502509117126, 0.26909545063972473, 0.1344355195760727, 0.09960804134607315, 0.10875877737998962, 0.06383964419364929, 0.04529247805476189, 0.026968756690621376], "accuracy": [0.06908378005027771, 0.32190102338790894, 0.6232239007949829, 0.7878490686416626, 0.8931896090507507, 0.9323861002922058, 0.9676629304885864, 0.9799118041992188, 0.9750122427940369, 0.9862812161445618, 0.9911807775497437, 0.9926506876945496], "val_loss": [3.998774528503418, 2.5681004524230957, 1.4563493728637695, 0.9245824217796326, 0.756689727306366, 0.7267417907714844, 0.7713868618011475, 0.7821065187454224, 0.7908378839492798, 0.8118048906326294, 0.717586100101471, 0.6621071100234985], "val_accuracy": [0.18320611119270325, 0.45038166642189026, 0.7213740348815918, 0.8091602921485901, 0.8511450290679932, 0.8587786555290222, 0.8625954389572144, 0.8740457892417908, 0.8625954389572144, 0.8625954389572144, 0.8969465494155884, 0.9083969593048096]}