{"loss": [4.32567834854126, 1.3034160137176514, 0.5122936964035034, 0.25106167793273926, 0.15007458627223969, 0.06683916598558426, 0.051435478031635284, 0.06471166759729385, 0.05842801183462143, 0.049948856234550476, 0.02505461685359478, 0.020365741103887558], "accuracy": [0.2098236232995987, 0.6611955165863037, 0.8541156053543091, 0.9267516136169434, 0.9566389322280884, 0.9796668291091919, 0.9855462908744812, 0.9824841022491455, 0.9854238033294678, 0.9864037036895752, 0.9943655133247375, 0.9949779510498047], "val_loss": [2.0847442150115967, 0.9019612669944763, 0.7152224779129028, 0.6948415637016296, 0.9578457474708557, 0.8077229261398315, 0.8263261318206787, 0.8437018990516663, 0.7308274507522583, 0.8586112856864929, 1.0180346965789795, 0.7462413311004639], "val_accuracy": [0.5267175436019897, 0.805343508720398, 0.8625954389572144, 0.8702290058135986, 0.847328245639801, 0.9007633328437805, 0.885496199131012, 0.9045801758766174, 0.9007633328437805, 0.8931297659873962, 0.8778625726699829, 0.9007633328437805]}